﻿<?xml version="1.0" encoding="utf-8"?>

<Deployment xmlns="http://schemas.microsoft.com/windowsphone/2012/deployment" AppPlatformVersion="8.0">
  <DefaultLanguage xmlns="" code="en-US"/>
  <App xmlns="" ProductID="{ffd0f0b8-c0cf-4ba2-af75-0972dcebb80b}" Title="DemoCard.WinPhone" RuntimeType="Silverlight" Version="1.0.0.0" Genre="apps.normal"  Author="DemoCard.WinPhone author" Description="Sample description" Publisher="DemoCard.WinPhone" PublisherID="{d40cbde5-a1b6-407c-9426-11bd74fc6a79}">
    <IconPath IsRelative="true" IsResource="false">Assets\ApplicationIcon.png</IconPath>
    <Capabilities>
      <Capability Name="ID_CAP_NETWORKING"/>
      <Capability Name="ID_CAP_MEDIALIB_AUDIO"/>
      <Capability Name="ID_CAP_MEDIALIB_PLAYBACK"/>
      <Capability Name="ID_CAP_SENSORS"/>
      <Capability Name="ID_CAP_WEBBROWSERCOMPONENT"/>
    </Capabilities>
    <Tasks>
      <DefaultTask  Name ="_default" NavigationPage="MainPage.xaml"/>
    </Tasks>
    <Tokens>
      <PrimaryToken TokenID="PhoneApp1Token" TaskName="_default">
        <TemplateFlip>
          <SmallImageURI IsRelative="true" IsResource="false">Assets\Tiles\FlipCycleTileSmall.png</SmallImageURI>
          <Count>0</Count>
          <BackgroundImageURI IsRelative="true" IsResource="false">Assets\Tiles\FlipCycleTileMedium.png</BackgroundImageURI>
          <Title>DemoCard.WinPhone</Title>
          <BackContent></BackContent>
          <BackBackgroundImageURI></BackBackgroundImageURI>
          <BackTitle></BackTitle>
          <DeviceLockImageURI></DeviceLockImageURI>
          <HasLarge></HasLarge>
        </TemplateFlip>
      </PrimaryToken>
    </Tokens>
    <ScreenResolutions>
      <ScreenResolution Name="ID_RESOLUTION_WVGA"/>
      <ScreenResolution Name="ID_RESOLUTION_WXGA"/>
      <ScreenResolution Name="ID_RESOLUTION_HD720P"/>
    </ScreenResolutions>
  </App>
</Deployment>
